posts,type
gardening cooking woodworking reading studying history modeling chess puzzle-solving camping studying foreign languages games listening music reading making plans animal farms news playing musical instruments video cooking knitting movies,ISTJ
home play cook write diary walk listening music read write sing idol drama documentary crosshairs lie down sleep administrative assistant,ISFJ
drawing watching movies reading playing games listening music writing fangirling decorating organizing YouTube eating delicious food alone,INFJ
watching movies playing games reading listening songs puzzles making plans walking dramas cooking yoga YouTube shopping novels Sudoku,INTJ
reading watching YouTube taking pictures lying down musicals listening songs novels phones alone lying down pilot car racer criminologist,ISTP
playing musical instruments drawing watching movies news lying down phone listening songs videos comic books sleeping YouTube Netflix,ISFP
reading writing going exhibitions Netflix books decorating diaries listening songs playing musical instruments singing assembling,INFP
taking pictures playing games researching watching cartoons listening songs delusions imagination reading books studying English,INTP
composing exercising dancing singing baking gaming watching YouTube listening music investing stocks businessmen concerts police officers,ESTP
exercising drinking shopping watching baseball soccer listening songs fitness diary decorating YouTube Netflix comedian costume designer,ESFP
playing with friends looking pictures singing watching movies painting walking around restaurants dramas movie binge watching YouTube,ENFP
going karaoke playing games discussing dancing fitness climbing reading writing idol movie song music appreciation drama embroidery knitting coloring book inventor venture businessman actor,ENTP
reading cleaning news drawing cartooning exercising drinking tea home baking cooking planner planning diary decorating idol song search friend drama supervisor budget analyst,ESTJ
playing with friends watching news writing diary listening music playing piano movies dance jogging sewing manager hotel manager marketing officer elementary,ESFJ
constructing projects martial arts planning learning new things management consultants certified brokers managers lawyers financial,ENTJ
playing with friends walking cycling games exercising dancing YouTube animation Netflix exercise shopping cooking announcer reporter broadcasting MC,ENFJ
meteorologist legal researcher insurance examiner criminal appraiser customs inspector auditor accountant chief financial officer web development engineer civil servant house books organizing relaxing,ISTJ
family small things mountain climbing walking gardening camping silence responsibility peace understanding trust quiet caring helping good law order safety prosperity law society responsibility right,ISTJ
trust consciousness planning prudence success city stability environment variety facilities convenience use health stability family tranquility life prudence responsibility trust stable,ISTJ
leader perfect hard work growth fine yeah schedule organization goal problem resolution confidence recovery painting home statistician buyer,ISTJ
manager counselor inspector physical therapist psychiatrist engineer dentist elementary school teacher librarian franchise owner family,ISFJ
friend light consumption cooking picnic bicycle walk sincerity smart hard work human rights awareness give and take trust nature,ISFJ
tranquillity quiet environmental life balance maintenance warm understanding help strength ability warmth consideration supporter,ISFJ
perfection beauty unique no communication emotion sharing mutual support,ISFJ
flower viewing spacing out lying down animation Idol sports puzzle counselor teacher senior welfare officer art director freelance,INFJ
planning journalist product planner therapy social worker reading art exhibition viewing alone nature walk meditation art trust believing moral active expression friendly,INFJ
safety prosperity responsibility right trust conscious truth ideal philosophy faith light Inspiration meaning world peace respect,INFJ
vision ideal pursuit warm empathy perfection self understanding development no emotion expression time careful alone cute law order,INFJ
exercise analyst accountant anthropologist pilot management consultant pharmaceutical company researcher web developer chief financial,INTJ
officer investment banker personal finance consultant software economist executor planning reading self-improvement strategy game outdoor,INTJ
gathering consistent person courtesy consideration privacy respect smart learning logical quiet calm vision learning city modern infrastructure network effective planning achievement knowledge,INTJ
creativity innovative idea development logical vision strategy vision strategist plan goal effort satisfaction me ability achievement effort no problem cause analysis plan solution,INTJ
photographer salesperson athlete aircraft mechanic network manager civil engineer economist pilot emergency medicine doctor data analyst,ISTP
active sports outdoor activities DIY physical activity free surfing skateboard climbing walking privacy disturbance kakaotalk like,ISTP
handsome pretty cute conversation emotion accurate jealous prohibited learn enjoy act impulse present instant thrill adventure new,ISTP
challenge moment open mind variety activity sports freedom city people kakaotalk adventurous free money problem solving challenging spirit cold solving ability cold perfect new learning development yes systematic specific activity positive energy thoughts things do,ISTP
alone movie jewelry maker sound designer cartoonist webtoon writer zookeeper legal secretary pharmacist fashion physical therapist massage,ISFP
therapist landscape architect warehouse manager appreciation creation nature walking music art bed picnic nature drawing outdoor music cartoon first impression kind caring smart expressive enjoy act,ISFP
impulse present instantaneous thrill adventure nature beautiful landscape natural inspiration culture variety artistic,ISFP
free bed timid warm art freedom artistic free house tribe each own unique way no walk creative art expression emotion,ISFP
woodworking puzzle musical watching movies alone myself fanning phone artist novelist poet musician art therapist social worker composer librarian computer programmer software designer financial analyst architect university professor graphic designer,INFP
psychologist therapist writer editor physical therapist human resources development trainer writing art creation conversation friends alone nature tranquillity healing reading conversation small consumption,INFP
nature interest code affection question story special serious deep interest truth ideal philosophy sincerity value potential freedom nature quiet calm inner peace dream,INFP
aspiration unique imaginative passion perfection love myself no expression creative activities inner emotional inquiry,INFP
crosshairs embroidery miniature making cooking classical piano game lying down spacing out economist psychologist police programmer,INTP
astronomer critic art director researcher idea reading contemplation intellectual curious search astrophysical observation experiment,INTP
forest bath taste smart respectful patient like considerate city modern knowledge technology approach diversity growth world understanding innovative intellectual curious thinking logical creative thinker,INTP
perfect continuous learning growth self no logical analytical problem solving new knowledge acquired thought breadth,INTP
military officers fund managers bankers reporters tour guides architectural engineers detectives bankers investors entertainment workers,ESTP
sports coaches games watching active activity friends parties outside commitments friends sports activities expressions emotion me like handsome pretty cute improvised flexible discussion hobbies,ESTP
sharing fun action impulse present instantaneous thrill adventure city variety activity social atmosphere new challenge adventure,ESTP
passionate action adventure perfect adventure life self development yes physical energy exhaustion surroundings communication positive,ESTP
illustrator animator travel product planner play therapist flight attendant child welfare counselor doctor actor interior designer,ESFP
environmental scientist dance party music event outside friends activity festival beach party music concert enjoy act impulse present,ESFP
instant thrill adventure city culture event entertainment fancy life freedom shining,ESFP
soul perfection charm strength special yes social activity artistic expression positive energy,ESFP
creative directors designers screenwriters broadcast producers public relations consultants counselors product planners journalists advertisements restaurant managers event planners creation projects,ENFP
friends activities party improvised enjoyable commitments travel camping art festivals participation my favorite meticulous memory charisma shy humane conversation variety topic honest alone comfortable sincere,ENFP
affectionate trust contact promise favorite chance gift truth philosophy sincerity value potential nature creative environment ideas development freedom soul creative diverse experience change,ENFP
contribution soul diverse idea passion activist perfect unique attractive new attempt growth yes creative activity new experience stimulus possibility,ENFP
singer film director columnist politician entrepreneur real estate developer advertising creative director marketing director political,ENTP
counselor discussion debate meeting business idea development challenge conversation hiking pretty handsome cute continuous action sacrifice care growth vision empathy reaction interest unique free-spirited,ENTP
top independent knowledge passion curiosity debate possibility city variety interaction challenging idea exchange debate freedom creativity new world change ability logical,ENTP
argumentative innovative logical challenge argumentative perfect ability creativity respect development no logical argumentative problem solving new idea,ENTP
bank manager security agent engineer education expert insurance salesperson pharmacist lawyer judge project manager family outdoor activities sports game,ESTJ
viewing organized rest golf tennis family barbecue serious deep conversation clear caring promise teasing expression law order safety prosperity law society,ESTJ
responsibility right trust conscious planning goal organizational efficient leadership successful,ESTJ
management stable home ability trust leader organization perfection member yes goal plan daily life stability,ESTJ
school teacher special teacher assistant kindergarten teacher sales manager nurse medical care social worker public relations officer loan officer,ESFJ
friends small group family meeting social event attendance relationship picnic family park picnic first common caring hobby sharing friendly sweet,ESFJ
direct law order safety prosperity law society responsibility right trust consciousness city variety positive healthy human relations social activity family happiness,ESFJ
ability sociality team help kindness kind warm personality good no communication emotion sharing mutual support,ESFJ
counselors economic analysts venture capitalists judges executives lawyers market research analysts management counselors business,ENTJ
planning sports games viewing organizing efficient rest golf games seminars work good smart pure human goal success city economic,ENTJ
opportunity fast change environment strategic effective leader world change power ability bold founder,ENTJ
executive leader accomplishment efficient perfection challenge better growth effort response planning,ENTJ
language teacher child welfare worker ceo employment consultant simultaneous interpreter advertisement executor public relations expert corporate coach,ENFJ
sales representative employment expert volunteer work social event attendance family social donation family outdoor event touching first conversation truth,ENFJ
ideal philosophy sincerity value potential sharing understanding growth city issue sensitive response change fairness justice hope leadership contribution,ENFJ
leader understanding supportive social just leader smart perfect value value value moving forward practice world yes others help society contribution value practice,ENFJ
